path,is_article,title,has_h1,chars_no_space,too_short_lt_800,has_core_concept,has_interviewer_focus,has_standard_answer,has_followups,has_scenario_or_code,has_pitfalls_or_summary,missing_count,missing_fields
docs/01-java-core/README.md,False,01-java-core,True,90,False,False,False,False,False,False,False,,
docs/01-java-core/basics/BigDecimal基本原理.md,True,BigDecimal 基本原理,True,1465,False,True,True,True,True,True,True,0,
docs/01-java-core/basics/Comparable与Comparator区别是什么？.md,True,Comparable 与 Comparator 区别是什么？,True,1282,False,True,True,True,True,True,True,0,
docs/01-java-core/basics/Java-SPI机制是什么？.md,True,Java SPI 机制是什么？,True,1293,False,True,True,True,True,True,True,0,
docs/01-java-core/basics/Java内部类是什么？.md,True,Java 内部类是什么？,True,1343,False,True,True,True,True,True,True,0,
docs/01-java-core/basics/Java反射机制.md,True,Java 反射机制,True,3566,False,True,True,True,True,True,True,0,
docs/01-java-core/basics/Java反射机制是什么？.md,True,Java反射机制是什么？,True,3344,False,True,True,True,True,True,True,0,
docs/01-java-core/basics/Java基本类型.md,True,Java 基本类型,True,3219,False,True,True,True,True,True,True,0,
docs/01-java-core/basics/Java异常机制是什么？.md,True,Java 异常机制是什么？,True,1449,False,True,True,True,True,True,True,0,
docs/01-java-core/basics/Java泛型机制是什么？.md,True,Java 泛型机制是什么？,True,1246,False,True,True,True,True,True,True,0,
docs/01-java-core/basics/Java注解机制是什么？.md,True,Java 注解机制是什么？,True,1195,False,True,True,True,True,True,True,0,
docs/01-java-core/basics/Java的传参方式是什么？.md,True,Java 的传参方式是什么？,True,1089,False,True,True,True,True,True,True,0,
docs/01-java-core/basics/Java的数据类型与大小.md,True,Java 的数据类型与大小,True,1827,False,True,True,True,True,True,True,0,
docs/01-java-core/basics/README.md,False,basics,True,1888,False,True,True,True,True,True,True,,
docs/01-java-core/basics/String类型与字符串常量池怎么关联？.md,True,String 类型与字符串常量池怎么关联？,True,1144,False,True,True,True,True,True,True,0,
docs/01-java-core/basics/bigdecimal.md,True,BigDecimal 详解,True,2540,False,True,True,True,True,True,True,0,
docs/01-java-core/basics/deep-copy-shallow-copy.md,True,深拷贝与浅拷贝,True,5121,False,True,True,True,True,True,True,0,
docs/01-java-core/basics/equals-hashcode.md,True,equals 和 hashCode 重写,True,3643,False,True,True,True,True,True,True,0,
docs/01-java-core/basics/final关键字有什么作用？.md,True,final 关键字有什么作用？,True,1630,False,True,True,True,True,True,True,0,
docs/01-java-core/basics/serialization-transient.md,True,序列化与 transient 关键字,True,6177,False,True,True,True,True,True,True,0,
docs/01-java-core/basics/static关键字有什么作用？.md,True,static 关键字有什么作用？,True,1852,False,True,True,True,True,True,True,0,
docs/01-java-core/basics/string-intern.md,True,String intern() 方法详解,True,3136,False,True,True,True,True,True,True,0,
docs/01-java-core/basics/string-pool.md,True,String 常量池,True,3304,False,True,True,True,True,True,True,0,
docs/01-java-core/basics/基本数据类型的缓存池是什么？.md,True,基本数据类型的缓存池是什么？,True,1206,False,True,True,True,True,True,True,0,
docs/01-java-core/basics/如何区分深拷贝与浅拷贝？.md,True,如何区分深拷贝与浅拷贝？,True,1640,False,True,True,True,True,True,True,0,
docs/01-java-core/basics/如何区分重载和重写？.md,True,如何区分重载和重写？,True,1374,False,True,True,True,True,True,True,0,
docs/01-java-core/basics/抽象类与接口区别是什么？.md,True,抽象类与接口区别是什么？,True,2941,False,True,True,True,True,True,True,0,
docs/01-java-core/basics/自动装箱和自动拆箱是什么？.md,True,自动装箱和自动拆箱是什么？,True,1571,False,True,True,True,True,True,True,0,
docs/01-java-core/basics/隐式类型转换是什么？.md,True,隐式类型转换是什么？,True,1240,False,True,True,True,True,True,True,0,
docs/01-java-core/basics/面向对象的三大特性是什么？.md,True,面向对象的三大特性是什么？,True,1978,False,True,True,True,True,True,True,0,
docs/01-java-core/basics/面向对象设计的SOLID原则是什么？.md,True,面向对象设计的 SOLID 原则是什么？,True,1955,False,True,True,True,True,True,True,0,
docs/01-java-core/collections/ArrayList扩容机制是怎么样的？.md,True,ArrayList扩容机制是怎么样的？,True,930,False,True,True,True,True,True,True,0,
docs/01-java-core/collections/ArrayList线程安全吗？.md,True,ArrayList线程安全吗？,True,1133,False,True,True,True,True,True,True,0,
docs/01-java-core/collections/Collection类的类关系是怎么样的？.md,True,Collection类的类关系是怎么样的？,True,1907,False,True,True,True,True,True,True,0,
docs/01-java-core/collections/CopyOnWriteArrayList底层实现原理是怎么样的？.md,True,CopyOnWriteArrayList底层实现原理是怎么样的？,True,1922,False,True,True,True,True,True,True,0,
docs/01-java-core/collections/HashMap与Hashtable区别是什么？.md,True,HashMap与Hashtable区别是什么？,True,1561,False,True,True,True,True,True,True,0,
docs/01-java-core/collections/HashMap执行put方法过程是怎么样的？.md,True,HashMap执行put方法过程是怎么样的？,True,1680,False,True,True,True,True,True,True,0,
docs/01-java-core/collections/HashMap扩容机制是怎么样的？.md,True,HashMap扩容机制是怎么样的？,True,1225,False,True,True,True,True,True,True,0,
docs/01-java-core/collections/HashMap的大小总是2的n次方原因是什么？.md,True,HashMap的大小总是2的n次方原因是什么？,True,1055,False,True,True,True,True,True,True,0,
docs/01-java-core/collections/HashMap的底层如何实现？.md,True,HashMap的底层如何实现？,True,1565,False,True,True,True,True,True,True,0,
docs/01-java-core/collections/Java中有哪些集合是线程安全的？.md,True,Java中有哪些集合是线程安全的？,True,1648,False,True,True,True,True,True,True,0,
docs/01-java-core/collections/Java遍历集合的方法有哪些？.md,True,Java遍历集合的方法有哪些？,True,1827,False,True,True,True,True,True,True,0,
docs/01-java-core/collections/README.md,False,collections,True,1487,False,True,True,True,True,True,True,,
docs/01-java-core/collections/多线程下HashMap会有什么问题？.md,True,多线程下HashMap会有什么问题？,True,1422,False,True,True,True,True,True,True,0,
docs/01-java-core/collections/如何解决哈希冲突问题？.md,True,如何解决哈希冲突问题？,True,1712,False,True,True,True,True,True,True,0,
docs/01-java-core/collections/工具类Collection和Collections有什么区别？.md,True,工具类Collection和Collections有什么区别？,True,1076,False,True,True,True,True,True,True,0,
docs/01-java-core/collections/重写HashMap的equals方法不当会发生什么？.md,True,重写HashMap的equals方法不当会发生什么？,True,858,False,True,True,True,True,True,True,0,
docs/01-java-core/concurrency/JUC/AQS是什么？.md,True,AQS是什么？,True,4698,False,True,True,True,True,True,True,0,
docs/01-java-core/concurrency/JUC/CLH队列锁是什么？.md,True,CLH队列锁是什么？,True,2156,False,True,True,True,True,True,True,0,
docs/01-java-core/concurrency/JUC/JUC工具类-CountDownLatch详解.md,True,JUC工具类-CountDownLatch详解,True,5346,False,True,True,True,True,True,True,0,
docs/01-java-core/concurrency/JUC/JUC工具类-CyclicBarrier详解.md,True,JUC工具类-CyclicBarrier详解,True,7055,False,True,True,True,True,True,True,0,
docs/01-java-core/concurrency/JUC/JUC工具类-Exchanger详解.md,True,JUC工具类-Exchanger详解,True,4339,False,True,True,True,True,True,True,0,
docs/01-java-core/concurrency/JUC/JUC工具类-Phaser详解.md,True,JUC工具类-Phaser详解,True,5779,False,True,True,True,True,True,True,0,
docs/01-java-core/concurrency/JUC/JUC工具类之Semaphore详解.md,True,JUC工具类之Semaphore详解,True,5579,False,True,True,True,True,True,True,0,
docs/01-java-core/concurrency/JUC/JUC是什么？.md,True,JUC是什么？,True,2672,False,True,True,True,True,True,True,0,
docs/01-java-core/concurrency/JUC/JUC线程池之Fork-Join框架详解.md,True,JUC线程池之Fork/Join框架详解,True,5072,False,True,True,True,True,True,True,0,
docs/01-java-core/concurrency/JUC/JUC线程池之FutureTask详解.md,True,JUC线程池之FutureTask详解,True,5197,False,True,True,True,True,True,True,0,
docs/01-java-core/concurrency/JUC/JUC线程池之ScheduledThreadPoolExecutor详解.md,True,JUC线程池之ScheduledThreadPoolExecutor详解,True,3625,False,True,True,True,True,True,True,0,
docs/01-java-core/concurrency/JUC/JUC线程池之ThreadPoolExecutor详解.md,True,JUC线程池之ThreadPoolExecutor详解,True,7770,False,True,True,True,True,True,True,0,
docs/01-java-core/concurrency/JUC/JUC都有哪些类？.md,True,JUC都有哪些类？,True,6993,False,True,True,True,True,True,True,0,
docs/01-java-core/concurrency/JUC/JUC锁之LockSupport详解.md,True,JUC锁之LockSupport详解,True,6969,False,True,True,True,True,True,True,0,
docs/01-java-core/concurrency/JUC/JUC锁之ReentrantLock详解.md,True,JUC锁之ReentrantLock详解,True,5615,False,True,True,True,True,True,True,0,
docs/01-java-core/concurrency/JUC/JUC锁之ReentrantReadWriteLock详解.md,True,JUC锁之ReentrantReadWriteLock详解,True,8412,False,True,True,True,True,True,True,0,
docs/01-java-core/concurrency/JUC/JUC集合之BlockingQueue详解.md,True,JUC集合之BlockingQueue详解,True,5955,False,True,True,True,True,True,True,0,
docs/01-java-core/concurrency/JUC/JUC集合之ConcurrentHashMap详解.md,True,JUC集合之ConcurrentHashMap详解,True,7808,False,True,True,True,True,True,True,0,
docs/01-java-core/concurrency/JUC/JUC集合之ConcurrentLinkedQueue详解.md,True,JUC集合之ConcurrentLinkedQueue详解,True,3052,False,True,True,True,True,True,True,0,
docs/01-java-core/concurrency/JUC/JUC集合之CopyOnWriteArrayList详解.md,True,JUC集合之CopyOnWriteArrayList详解,True,2100,False,True,True,True,True,True,True,0,
docs/01-java-core/concurrency/JUC/README.md,False,JUC,True,1877,False,False,False,False,True,True,False,,
docs/01-java-core/concurrency/JUC/公平锁与非公平锁实现原理与区别是什么？.md,True,公平锁与非公平锁实现原理与区别是什么？,True,2512,False,True,True,True,True,True,True,0,
docs/01-java-core/concurrency/JUC/悲观锁和乐观锁的区别是什么？.md,True,悲观锁和乐观锁的区别是什么？,True,1382,False,True,True,True,True,True,True,0,
docs/01-java-core/concurrency/README.md,False,concurrency,True,258,False,False,False,False,True,True,False,,
docs/01-java-core/concurrency/basics/Java基础线程机制是怎么样的？.md,True,Java基础线程机制是怎么样的？,True,1735,False,True,True,True,True,True,True,0,
docs/01-java-core/concurrency/basics/Java有哪些锁？.md,True,Java有哪些锁？,True,4123,False,True,True,True,True,True,True,0,
docs/01-java-core/concurrency/basics/Java线程的创建方式有哪些？.md,True,Java线程的创建方式有哪些？,True,1743,False,True,True,True,True,True,True,0,
docs/01-java-core/concurrency/basics/Java线程间如何通信？.md,True,Java线程间如何通信？,True,3669,False,True,True,True,True,True,True,0,
docs/01-java-core/concurrency/basics/Java线程阻塞机制是什么？.md,True,Java线程阻塞机制是什么？,True,2963,False,True,True,True,True,True,True,0,
docs/01-java-core/concurrency/basics/README.md,False,basics,True,658,False,False,False,False,True,True,False,,
docs/01-java-core/concurrency/basics/ThreadLocal基本原理.md,True,ThreadLocal基本原理,True,1718,False,True,True,True,True,True,True,0,
docs/01-java-core/concurrency/basics/线程状态如何转换？.md,True,线程状态如何转换？,True,1270,False,True,True,True,True,True,True,0,
docs/01-java-core/concurrency/keywords/Happens-Before原则是什么？.md,True,Happens-Before原则是什么？,True,1513,False,True,True,True,True,True,True,0,
docs/01-java-core/concurrency/keywords/README.md,False,keywords,True,792,False,False,False,False,True,True,False,,
docs/01-java-core/concurrency/keywords/final重排序规则详解.md,True,final重排序规则详解,True,2062,False,True,True,True,True,True,True,0,
docs/01-java-core/concurrency/keywords/synchronized与ReentrantLock区别是什么？.md,True,synchronized与ReentrantLock区别是什么？,True,2996,False,True,True,True,True,True,True,0,
docs/01-java-core/concurrency/keywords/synchronized与ReentrantLock场景分析.md,True,synchronized与ReentrantLock场景分析,True,1201,False,True,True,True,True,True,True,0,
docs/01-java-core/concurrency/keywords/synchronized与volatile比较.md,True,synchronized与volatile比较,True,1619,False,True,True,True,True,True,True,0,
docs/01-java-core/concurrency/keywords/synchronized基本原理详解.md,True,synchronized基本原理详解,True,2306,False,True,True,True,True,True,True,0,
docs/01-java-core/concurrency/keywords/volatile基本原理详解.md,True,volatile基本原理详解,True,2518,False,True,True,True,True,True,True,0,
docs/01-java-core/concurrency/thread-pool/ComletableFuture入门详解.md,True,ComletableFuture入门详解,True,4300,False,True,True,True,True,True,True,0,
docs/01-java-core/concurrency/thread-pool/CompletableFuture底层原理详解.md,True,CompletableFuture底层原理详解,True,5784,False,True,True,True,True,True,True,0,
docs/01-java-core/concurrency/thread-pool/Java的并发模型如何理解？.md,True,Java的并发模型如何理解？,True,2042,False,True,True,True,True,True,True,0,
docs/01-java-core/concurrency/thread-pool/README.md,False,thread-pool,True,1409,False,False,False,False,True,True,False,,
docs/01-java-core/concurrency/thread-pool/ThreadPoolExecutor线程池任务执行流程是怎么样的？.md,True,ThreadPoolExecutor线程池任务执行流程是怎么样的？,True,1586,False,True,True,True,True,True,True,0,
docs/01-java-core/concurrency/thread-pool/ThreadPoolExecutor线程池有哪些拒绝策略？.md,True,ThreadPoolExecutor线程池有哪些拒绝策略？,True,1670,False,True,True,True,True,True,True,0,
docs/01-java-core/concurrency/thread-pool/为什么核心线程池满了之后是先加入阻塞队列而不是直接创建线程？.md,True,为什么核心线程池满了之后是先加入阻塞队列而不是直接创建线程？,True,945,False,True,True,True,True,True,True,0,
docs/01-java-core/concurrency/thread-pool/如何使用Executors工具类创建线程池？.md,True,如何使用Executors工具类创建线程池？,True,2268,False,True,True,True,True,True,True,0,
docs/01-java-core/concurrency/thread-pool/如何撤回提交给线程池中的任务？.md,True,如何撤回提交给线程池中的任务？,True,1090,False,True,True,True,True,True,True,0,
docs/01-java-core/concurrency/thread-pool/线程发生异常，会被移出线程池吗.md,True,线程发生异常，会被移出线程池吗？,True,1180,False,True,True,True,True,True,True,0,
docs/01-java-core/concurrency/thread-pool/线程池中核心线程数如何设置？.md,True,线程池中核心线程数如何设置？,True,1265,False,True,True,True,True,True,True,0,
docs/01-java-core/concurrency/thread-pool/线程池中的shutdown()与shutdownNow()有什么区别？.md,True,线程池中的shutdown()与shutdownNow()有什么区别？,True,1308,False,True,True,True,True,True,True,0,
docs/01-java-core/concurrency/thread-pool/线程池中的线程是如何关闭的？.md,True,线程池中的线程是如何关闭的？,True,1165,False,True,True,True,True,True,True,0,
docs/01-java-core/concurrency/thread-pool/线程池为什么一定使用阻塞队列？.md,True,线程池为什么一定使用阻塞队列？,True,1359,False,True,True,True,True,True,True,0,
docs/01-java-core/concurrency/thread-pool/线程池有哪些状态？.md,True,线程池有哪些状态？,True,1509,False,True,True,True,True,True,True,0,
docs/01-java-core/concurrency/thread-pool/线程池线上配置实战方案.md,True,线程池线上配置实战方案,True,9590,False,True,True,True,True,True,True,0,
docs/01-java-core/concurrency/thread-pool.md,True,Java 线程池详解,True,7308,False,True,True,True,True,True,True,0,
docs/01-java-core/design-pattern/README.md,False,design-pattern,True,1708,False,True,True,True,True,True,True,,
docs/01-java-core/design-pattern/创建型模式-单例模式.md,True,创建型模式-单例模式,True,931,False,True,True,True,True,True,True,0,
docs/01-java-core/design-pattern/创建型模式-原型模式.md,True,创建型模式-原型模式,True,1323,False,True,True,True,True,True,True,0,
docs/01-java-core/design-pattern/创建型模式-工厂方法模式.md,True,创建型模式-工厂方法模式,True,1306,False,True,True,True,True,True,True,0,
docs/01-java-core/design-pattern/创建型模式-建造者模式.md,True,创建型模式-建造者模式,True,1316,False,True,True,True,True,True,True,0,
docs/01-java-core/design-pattern/创建型模式-抽象工厂模式.md,True,创建型模式-抽象工厂模式,True,1861,False,True,True,True,True,True,True,0,
docs/01-java-core/design-pattern/结构型模式-享元模式.md,True,结构型模式-享元模式,True,1477,False,True,True,True,True,True,True,0,
docs/01-java-core/design-pattern/结构型模式-代理模式.md,True,结构型模式-代理模式,True,1477,False,True,True,True,True,True,True,0,
docs/01-java-core/design-pattern/结构型模式-外观模式.md,True,结构型模式-外观模式,True,1263,False,True,True,True,True,True,True,0,
docs/01-java-core/design-pattern/结构型模式-桥接模式.md,True,结构型模式-桥接模式,True,1447,False,True,True,True,True,True,True,0,
docs/01-java-core/design-pattern/结构型模式-组合模式.md,True,结构型模式-组合模式,True,1797,False,True,True,True,True,True,True,0,
docs/01-java-core/design-pattern/结构型模式-装饰器模式.md,True,结构型模式-装饰器模式,True,1723,False,True,True,True,True,True,True,0,
docs/01-java-core/design-pattern/结构型模式-适配器模式.md,True,结构型模式-适配器模式,True,1091,False,True,True,True,True,True,True,0,
docs/01-java-core/design-pattern/行为型模式-中介者模式.md,True,行为型模式-中介者模式,True,1864,False,True,True,True,True,True,True,0,
docs/01-java-core/design-pattern/行为型模式-命令模式.md,True,行为型模式-命令模式,True,1735,False,True,True,True,True,True,True,0,
docs/01-java-core/design-pattern/行为型模式-备忘录模式.md,True,行为型模式-备忘录模式,True,1484,False,True,True,True,True,True,True,0,
docs/01-java-core/design-pattern/行为型模式-模板方法模式.md,True,行为型模式-模板方法模式,True,1696,False,True,True,True,True,True,True,0,
docs/01-java-core/design-pattern/行为型模式-状态模式.md,True,行为型模式-状态模式,True,2374,False,True,True,True,True,True,True,0,
docs/01-java-core/design-pattern/行为型模式-策略模式.md,True,行为型模式-策略模式,True,1798,False,True,True,True,True,True,True,0,
docs/01-java-core/design-pattern/行为型模式-观察者模式.md,True,行为型模式-观察者模式,True,2268,False,True,True,True,True,True,True,0,
docs/01-java-core/design-pattern/行为型模式-解释器模式.md,True,行为型模式-解释器模式,True,1340,False,True,True,True,True,True,True,0,
docs/01-java-core/design-pattern/行为型模式-访问者模式.md,True,行为型模式-访问者模式,True,2760,False,True,True,True,True,True,True,0,
docs/01-java-core/design-pattern/行为型模式-责任链模式.md,True,行为型模式-责任链模式,True,1967,False,True,True,True,True,True,True,0,
docs/01-java-core/design-pattern/行为型模式-迭代器模式.md,True,行为型模式-迭代器模式,True,1693,False,True,True,True,True,True,True,0,
docs/01-java-core/design-pattern/设计模式概述.md,True,设计模式概述,True,2164,False,True,True,True,True,True,True,0,
docs/01-java-core/elegant-parameter-validation.md,True,摆脱if-else——优雅参数校验,True,4462,False,True,True,True,True,True,True,0,
docs/01-java-core/io/BIO-NIO-AIO是什么？.md,True,BIO/NIO/AIO是什么？,True,1898,False,True,True,True,True,True,True,0,
docs/01-java-core/io/Java-IO之AIO详解.md,True,Java IO之AIO详解,True,7524,False,True,True,True,True,True,True,0,
docs/01-java-core/io/Java-IO之BIO详解.md,True,Java IO之BIO详解,True,7096,False,True,True,True,True,True,True,0,
docs/01-java-core/io/Java-IO之I-O多路复用详解.md,True,Java IO之I/O多路复用详解,True,10368,False,True,True,True,True,True,True,0,
docs/01-java-core/io/Java-IO之NIO详解.md,True,Java IO之NIO详解,True,5019,False,True,True,True,True,True,True,0,
docs/01-java-core/io/Java-IO之Netty框架概要.md,True,Java IO之Netty框架概要,True,3671,False,True,True,True,True,True,True,0,
docs/01-java-core/io/Java-IO分类理解.md,True,Java IO分类理解,True,2555,False,True,True,True,True,True,True,0,
docs/01-java-core/io/Java-IO如何实现零拷贝？.md,True,Java IO如何实现零拷贝？,True,11008,False,True,True,True,True,True,True,0,
docs/01-java-core/io/Java-IO常见类有哪些？.md,True,Java IO常见类有哪些？,True,3332,False,True,True,True,True,True,True,0,
docs/01-java-core/io/Java-IO的装饰者模式理解.md,True,Java IO的装饰者模式理解,True,965,False,True,True,True,True,True,True,0,
docs/01-java-core/io/README.md,False,io,True,936,False,True,True,True,True,True,True,,
docs/01-java-core/io/Unix-IO模型.md,True,Unix IO模型,True,2572,False,True,True,True,True,True,True,0,
docs/01-java-core/jvm/1.2mb-data-10gb-memory.md,True,1.2MB数据吃掉10GB内存,True,3512,False,True,True,True,True,True,True,0,
docs/01-java-core/jvm/README.md,False,jvm,True,706,False,False,False,False,True,True,False,,
docs/01-java-core/jvm/basics/JVM内存模型是什么？.md,True,JVM内存模型是什么？,True,6186,False,True,True,True,True,True,True,0,
docs/01-java-core/jvm/basics/JVM内存结构是什么？.md,True,JVM内存结构是什么？,True,9379,False,True,True,True,True,True,True,0,
docs/01-java-core/jvm/basics/JVM的类加载机制是怎么样的？.md,True,JVM的类加载机制是怎么样的？,True,5973,False,True,True,True,True,True,True,0,
docs/01-java-core/jvm/basics/Java对象一定在堆上分配吗？.md,True,Java对象一定在堆上分配吗？,True,2006,False,True,True,True,True,True,True,0,
docs/01-java-core/jvm/basics/Java对象的生命周期是怎么样的？.md,True,Java对象的生命周期是怎么样的？,True,3653,False,True,True,True,True,True,True,0,
docs/01-java-core/jvm/basics/README.md,False,basics,True,820,False,False,False,False,True,True,False,,
docs/01-java-core/jvm/basics/如何区分堆和栈？.md,True,如何区分堆和栈？,True,1124,False,True,True,True,True,True,True,0,
docs/01-java-core/jvm/basics/如何理解本地内存、直接内存、JVM内存？.md,True,如何理解本地内存、直接内存、JVM内存？,True,2440,False,True,True,True,True,True,True,0,
docs/01-java-core/jvm/basics/字节码如何增强？.md,True,字节码如何增强？,True,9361,False,True,True,True,True,True,True,0,
docs/01-java-core/jvm/basics/字节码如何查看？.md,True,字节码如何查看？,True,5162,False,True,True,True,True,True,True,0,
docs/01-java-core/jvm/basics/符号引用与直接引用怎么理解？.md,True,符号引用与直接引用怎么理解？,True,1727,False,True,True,True,True,True,True,0,
docs/01-java-core/jvm/basics/逃逸分析是什么？.md,True,逃逸分析是什么？,True,3417,False,True,True,True,True,True,True,0,
docs/01-java-core/jvm/class-loading.md,True,类加载机制与双亲委派,True,6268,False,True,True,True,True,True,True,0,
docs/01-java-core/jvm/gc/G1中是如何处理RSet的？.md,True,G1中是如何处理RSet的？,True,2321,False,True,True,True,True,True,True,0,
docs/01-java-core/jvm/gc/G1中的内存屏障是什么？.md,True,G1中的内存屏障是什么？,True,1106,False,True,True,True,True,True,True,0,
docs/01-java-core/jvm/gc/G1垃圾收集器基本原理.md,True,G1垃圾收集器基本原理,True,12021,False,True,True,True,True,True,True,0,
docs/01-java-core/jvm/gc/GC只会对堆进行回收吗？.md,True,GC 只会对堆进行回收吗？,True,1018,False,True,True,True,True,True,True,0,
docs/01-java-core/jvm/gc/GC日志怎么看？.md,True,GC日志怎么看？,True,2470,False,True,True,True,True,True,True,0,
docs/01-java-core/jvm/gc/GC的悲观策略是什么？.md,True,GC的悲观策略是什么？,True,1186,False,True,True,True,True,True,True,0,
docs/01-java-core/jvm/gc/JVM指针压缩是什么？.md,True,JVM指针压缩是什么？,True,1438,False,True,True,True,True,True,True,0,
docs/01-java-core/jvm/gc/Java对象的内存布局是什么？.md,True,Java对象的内存布局是什么？,True,2518,False,True,True,True,True,True,True,0,
docs/01-java-core/jvm/gc/Java有哪些引用类型？.md,True,Java有哪些引用类型？,True,1478,False,True,True,True,True,True,True,0,
docs/01-java-core/jvm/gc/README.md,False,gc,True,1262,False,False,False,False,True,True,False,,
docs/01-java-core/jvm/gc/SATB算法是什么？.md,True,SATB算法是什么？,True,2061,False,True,True,True,True,True,True,0,
docs/01-java-core/jvm/gc/ZGC垃圾收集器基本原理.md,True,ZGC垃圾收集器基本原理,True,9337,False,True,True,True,True,True,True,0,
docs/01-java-core/jvm/gc/三色标记是什么？.md,True,三色标记是什么？,True,2164,False,True,True,True,True,True,True,0,
docs/01-java-core/jvm/gc/内存泄漏和内存溢出怎么区分？.md,True,内存泄漏和内存溢出怎么区分？,True,1021,False,True,True,True,True,True,True,0,
docs/01-java-core/jvm/gc/垃圾回收什么时候会触发？.md,True,垃圾回收什么时候会触发？,True,1460,False,True,True,True,True,True,True,0,
docs/01-java-core/jvm/gc/如何判断是垃圾？.md,True,如何判断是垃圾？,True,3048,False,True,True,True,True,True,True,0,
docs/01-java-core/jvm/gc/对象分配的过程是怎么样的？.md,True,对象分配的过程是怎么样的？,True,1637,False,True,True,True,True,True,True,0,
docs/01-java-core/jvm/gc/对象的创建过程是怎么样的？.md,True,对象的创建过程是怎么样的？,True,1154,False,True,True,True,True,True,True,0,
docs/01-java-core/jvm/gc/常用的垃圾回收算法有哪些？.md,True,常用的垃圾回收算法有哪些？,True,1952,False,True,True,True,True,True,True,0,
docs/01-java-core/jvm/gc/常用的垃圾收集器概述.md,True,常用的垃圾收集器概述,True,5392,False,True,True,True,True,True,True,0,
docs/01-java-core/jvm/gc/染色指针算法是怎么样的？.md,True,染色指针算法是怎么样的？,True,1745,False,True,True,True,True,True,True,0,
docs/01-java-core/jvm/gc/浮动垃圾是指什么？.md,True,浮动垃圾是指什么？,True,1124,False,True,True,True,True,True,True,0,
docs/01-java-core/jvm/gc-algorithms.md,True,GC 算法,True,3920,False,True,True,True,True,True,True,0,
docs/01-java-core/jvm/gc-collectors.md,True,GC 收集器,True,5703,False,True,True,True,True,True,True,0,
docs/01-java-core/jvm/gc-tuning.md,True,GC 调优实战,True,4217,False,True,True,True,True,True,True,0,
docs/01-java-core/jvm/jvm-parameters.md,True,JVM 参数速查表,True,4373,False,True,True,True,True,True,True,0,
docs/01-java-core/jvm/jvm-troubleshooting.md,True,JVM 排障实战,True,5654,False,True,True,True,True,True,True,0,
docs/01-java-core/jvm/memory-model.md,True,JVM 内存模型,True,5966,False,True,True,True,True,True,True,0,
docs/01-java-core/jvm/one-line-code-save-1g-memory.md,True,一行代码优化掉1G内存,True,3124,False,True,True,True,True,True,True,0,
docs/01-java-core/jvm/troubleshooting/JVM常用调参有哪些？.md,True,JVM常用调参有哪些？,True,3276,False,True,True,True,True,True,True,0,
docs/01-java-core/jvm/troubleshooting/Java线程Dump如何分析？.md,True,Java线程Dump如何分析？,True,3278,False,True,True,True,True,True,True,0,
docs/01-java-core/jvm/troubleshooting/Java问题排查工具有哪些？.md,True,Java问题排查工具有哪些？,True,3350,False,True,True,True,True,True,True,0,
docs/01-java-core/jvm/troubleshooting/README.md,False,troubleshooting,True,410,False,False,False,False,True,True,False,,
docs/01-java-core/jvm/troubleshooting/cpu-90-percent-troubleshooting.md,True,线上 Java 服务 CPU 飙到 90% 以上，第一步操作是什么？,True,4115,False,True,True,True,True,True,True,0,
docs/01-java-core/new-features/JDK8新特性之Optional类详解.md,True,JDK8 新特性之 Optional 类详解,True,2569,False,True,True,True,True,True,True,0,
docs/01-java-core/new-features/JDK8新特性之函数式编程详解.md,True,JDK8 新特性之函数式编程详解,True,2747,False,True,True,True,True,True,True,0,
docs/01-java-core/new-features/JDK8新特性概览.md,True,JDK8 新特性概览,True,2729,False,True,True,True,True,True,True,0,
docs/01-java-core/new-features/Java各版本新特性概览.md,True,Java 各版本新特性概览,True,2829,False,True,True,True,True,True,True,0,
docs/01-java-core/new-features/README.md,False,new-features,True,259,False,False,False,False,False,False,False,,
docs/02-frameworks/README.md,False,框架篇,True,505,False,False,True,True,False,True,True,,
docs/02-frameworks/spring/README.md,False,Spring,True,332,False,False,False,False,False,True,False,,
docs/02-frameworks/spring/ioc-aop.md,True,Spring IOC 与 AOP 核心原理,True,10048,False,True,True,True,True,True,True,0,
docs/03-database/README.md,False,03-database,True,457,False,True,True,True,True,True,True,,
docs/03-database/mysql/README.md,False,mysql,True,532,False,True,True,True,True,True,True,,
docs/03-database/mysql/basics/CHAR和VARCHAR区别是什么？.md,True,CHAR和VARCHAR区别是什么？,True,980,False,True,True,True,True,True,True,0,
docs/03-database/mysql/basics/Distinct与Group-By性能比较？.md,True,Distinct与Group By性能比较？,True,1306,False,True,True,True,True,True,True,0,
docs/03-database/mysql/basics/EXISTS与IN性能比较？.md,True,EXISTS 与 IN 性能比较？,True,1731,False,True,True,True,True,True,True,0,
docs/03-database/mysql/basics/MySQL一行记录时怎么存储的？.md,True,MySQL一行记录时怎么存储的？,True,3360,False,True,True,True,True,True,True,0,
docs/03-database/mysql/basics/MySQL数据类型介绍？.md,True,MySQL数据类型介绍？,True,1278,False,True,True,True,True,True,True,0,
docs/03-database/mysql/basics/MySQL时间类型选择？.md,True,MySQL时间类型选择？,True,853,False,True,True,True,True,True,True,0,
docs/03-database/mysql/basics/MySQL连表查询语法有哪些？.md,True,MySQL 连表查询语法有哪些？,True,1346,False,True,True,True,True,True,True,0,
docs/03-database/mysql/basics/NOSQL与SQL有什么区别？.md,True,NOSQL与SQL有什么区别？,True,897,False,True,True,True,True,True,True,0,
docs/03-database/mysql/basics/README.md,False,basics,True,1247,False,True,True,True,True,True,True,,
docs/03-database/mysql/basics/Text数据类型可以无限大吗？.md,True,Text 数据类型可以无限大吗？,True,1175,False,True,True,True,True,True,True,0,
docs/03-database/mysql/basics/一条select语句执行期间发生了什么？.md,True,一条select语句执行期间发生了什么？,True,2230,False,True,True,True,True,True,True,0,
docs/03-database/mysql/basics/一条update语句执行期间发生了什么？.md,True,一条update语句执行期间发生了什么？,True,1654,False,True,True,True,True,True,True,0,
docs/03-database/mysql/basics/数据库三大范式是什么？.md,True,数据库三大范式是什么？,True,1087,False,True,True,True,True,True,True,0,
docs/03-database/mysql/cluster/MySQL主从一致性问题如何优化？.md,True,MySQL主从一致性问题如何优化？,True,1908,False,True,True,True,True,True,True,0,
docs/03-database/mysql/cluster/MySQL主从复制是什么？.md,True,MySQL主从复制是什么？,True,1030,False,True,True,True,True,True,True,0,
docs/03-database/mysql/cluster/README.md,False,cluster,True,603,False,True,True,True,True,True,True,,
docs/03-database/mysql/cluster/分表和分库有什么区别？.md,True,分表和分库有什么区别？,True,1134,False,True,True,True,True,True,True,0,
docs/03-database/mysql/engine/InnoDB与MyISAM区别是什么？.md,True,InnoDB与MyISAM区别是什么？,True,856,False,True,True,True,True,True,True,0,
docs/03-database/mysql/engine/InnoDB和MyISAM数据文件组织方式.md,True,InnoDB和MyISAM数据文件组织方式,True,966,False,True,True,True,True,True,True,0,
docs/03-database/mysql/engine/InnoDB是如何存储数据的？.md,True,InnoDB是如何存储数据的？,True,1385,False,True,True,True,True,True,True,0,
docs/03-database/mysql/engine/MySQL为什么选择InnoDB作为默认存储引擎？.md,True,MySQL 为什么选择 InnoDB 作为默认存储引擎？,True,1017,False,True,True,True,True,True,True,0,
docs/03-database/mysql/engine/MySQL常用的存储引擎有哪些？.md,True,MySQL常用的存储引擎有哪些？,True,833,False,True,True,True,True,True,True,0,
docs/03-database/mysql/engine/README.md,False,engine,True,826,False,True,True,True,True,True,True,,
docs/03-database/mysql/index/InnoDB的B+树是如何查询数据的？.md,True,InnoDB的B+树是如何查询数据的？,True,1236,False,True,True,True,True,True,True,0,
docs/03-database/mysql/index/MySQL单表为什么不要超过2000w行？.md,True,MySQL单表为什么不要超过2000w行？,True,2789,False,True,True,True,True,True,True,0,
docs/03-database/mysql/index/MySQL索引如何优化？.md,True,MySQL索引如何优化？,True,1779,False,True,True,True,True,True,True,0,
docs/03-database/mysql/index/README.md,False,index,True,1211,False,True,True,True,True,True,True,,
docs/03-database/mysql/index/为什么InnoDB选择B+树作为索引的数据结构？.md,True,为什么InnoDB选择B+树作为索引的数据结构？,True,1589,False,True,True,True,True,True,True,0,
docs/03-database/mysql/index/什么时候需要创建索引？.md,True,什么时候需要创建索引？,True,1228,False,True,True,True,True,True,True,0,
docs/03-database/mysql/index/使用联合索引需要注意什么？.md,True,使用联合索引需要注意什么？,True,2569,False,True,True,True,True,True,True,0,
docs/03-database/mysql/index/索引失效的场景有哪些？.md,True,索引失效的场景有哪些？,True,1704,False,True,True,True,True,True,True,0,
docs/03-database/mysql/index/索引是什么？.md,True,索引是什么？,True,1020,False,True,True,True,True,True,True,0,
docs/03-database/mysql/index/索引的分类有哪些？.md,True,索引的分类有哪些？,True,1716,False,True,True,True,True,True,True,0,
docs/03-database/mysql/index/索引结构是怎么样的？.md,True,索引结构是怎么样的？,True,936,False,True,True,True,True,True,True,0,
docs/03-database/mysql/index/聚簇索引和二级索引是什么？.md,True,聚簇索引和二级索引是什么？,True,1307,False,True,True,True,True,True,True,0,
docs/03-database/mysql/index-optimization.md,True,MySQL 索引与查询优化,True,6396,False,True,True,True,True,True,True,0,
docs/03-database/mysql/lock/MySQL是如何加锁的？.md,True,MySQL是如何加锁的？,True,4779,False,True,True,True,True,True,True,0,
docs/03-database/mysql/lock/MySQL有哪些锁？.md,True,MySQL有哪些锁？,True,4319,False,True,True,True,True,True,True,0,
docs/03-database/mysql/lock/MySQL死锁怎么办？.md,True,MySQL死锁怎么办？,True,2502,False,True,True,True,True,True,True,0,
docs/03-database/mysql/lock/README.md,False,lock,True,649,False,True,True,True,True,True,True,,
docs/03-database/mysql/log/MySQL的Checkpoint机制是什么？.md,True,MySQL的Checkpoint机制是什么？,True,4728,False,True,True,True,True,True,True,0,
docs/03-database/mysql/log/MySQL的日志文件有哪些？.md,True,MySQL 的日志文件有哪些？,True,1123,False,True,True,True,True,True,True,0,
docs/03-database/mysql/log/MySQL磁盘I-O很高怎么优化？.md,True,MySQL磁盘I/O很高怎么优化？,True,1220,False,True,True,True,True,True,True,0,
docs/03-database/mysql/log/README.md,False,log,True,1069,False,True,True,True,True,True,True,,
docs/03-database/mysql/log/Undo-Log、Redo-Log、Binlog如何配合工作？.md,True,Undo Log、Redo Log、Binlog如何配合工作？,True,3047,False,True,True,True,True,True,True,0,
docs/03-database/mysql/log/为什么需要Buffer-Pool？.md,True,为什么需要Buffer Pool？,True,4272,False,True,True,True,True,True,True,0,
docs/03-database/mysql/log/为什么需要binlog？.md,True,为什么需要binlog？,True,3667,False,True,True,True,True,True,True,0,
docs/03-database/mysql/log/为什么需要redo-log.md,True,为什么需要redo log?,True,4844,False,True,True,True,True,True,True,0,
docs/03-database/mysql/log/为什么需要undo-log.md,True,为什么需要undo log?,True,2082,False,True,True,True,True,True,True,0,
docs/03-database/mysql/log/为什么需要两阶段提交？.md,True,为什么需要两阶段提交？,True,5490,False,True,True,True,True,True,True,0,
docs/03-database/mysql/optimization/README.md,False,optimization,True,792,False,True,True,True,True,True,True,,
docs/03-database/mysql/optimization/count(-)与count(1)有什么区别？.md,True,count(*)与count(1)有什么区别？,True,2318,False,True,True,True,True,True,True,0,
docs/03-database/mysql/optimization/explain执行计划如何使用？.md,True,explain执行计划如何使用？,True,1785,False,True,True,True,True,True,True,0,
docs/03-database/mysql/optimization/如何优化深度分页问题？.md,True,如何优化深度分页问题？,True,2238,False,True,True,True,True,True,True,0,
docs/03-database/mysql/optimization/如何排查和优化慢查询？.md,True,如何排查和优化慢查询？,True,1836,False,True,True,True,True,True,True,0,
docs/03-database/mysql/transaction/MVCC实现原理是怎么样的？.md,True,MVCC实现原理是怎么样的？,True,1642,False,True,True,True,True,True,True,0,
docs/03-database/mysql/transaction/MySQL事务特性是什么？.md,True,MySQL事务特性是什么？,True,1406,False,True,True,True,True,True,True,0,
docs/03-database/mysql/transaction/MySQL可重复读彻底解决幻读问题了吗？.md,True,MySQL可重复读彻底解决幻读问题了吗？,True,1634,False,True,True,True,True,True,True,0,
docs/03-database/mysql/transaction/README.md,False,transaction,True,981,False,True,True,True,True,True,True,,
docs/03-database/mysql/transaction/事务的隔离级别是怎么实现的？.md,True,事务的隔离级别是怎么实现的？,True,2566,False,True,True,True,True,True,True,0,
docs/03-database/mysql/transaction/快照读和当前读是什么？.md,True,快照读和当前读是什么？,True,989,False,True,True,True,True,True,True,0,
docs/03-database/mysql/transaction/滥用事务或一个事务特别多SQL会有什么问题？.md,True,滥用事务或一个事务特别多 SQL 会有什么问题？,True,1066,False,True,True,True,True,True,True,0,
docs/03-database/redis/README.md,False,redis,True,508,False,True,True,True,True,True,True,,
docs/03-database/redis/application/README.md,False,application,True,1012,False,True,True,True,True,True,True,,
docs/03-database/redis/application/Redisson和Jedis有什么区别？.md,True,Redisson和Jedis有什么区别？,True,2757,False,True,True,True,True,True,True,0,
docs/03-database/redis/application/Redis如何实现分布式锁？.md,True,Redis如何实现分布式锁？,True,2978,False,True,True,True,True,True,True,0,
docs/03-database/redis/application/Redis如何实现延迟队列？.md,True,Redis如何实现延迟队列？,True,1094,False,True,True,True,True,True,True,0,
docs/03-database/redis/application/Redis布隆过滤器如何使用？.md,True,Redis布隆过滤器如何使用？,True,1906,False,True,True,True,True,True,True,0,
docs/03-database/redis/application/Redis的大key问题如何处理？.md,True,Redis的大key问题如何处理？,True,2858,False,True,True,True,True,True,True,0,
docs/03-database/redis/application/Redis管道有什么作用？.md,True,Redis 管道有什么作用？,True,1046,False,True,True,True,True,True,True,0,
docs/03-database/redis/application/Redis除了缓存还有哪些应用？.md,True,Redis除了缓存还有哪些应用？,True,1266,False,True,True,True,True,True,True,0,
docs/03-database/redis/application/如何解决Redis热Key问题？.md,True,如何解决Redis热Key问题？,True,1568,False,True,True,True,True,True,True,0,
docs/03-database/redis/basics/README.md,False,basics,True,587,False,True,True,True,True,True,True,,
docs/03-database/redis/basics/Redis与Memcache区别是什么？.md,True,Redis与Memcache区别是什么？,True,823,False,True,True,True,True,True,True,0,
docs/03-database/redis/basics/Redis远程如何远程连接？.md,True,Redis 如何远程连接？,True,2837,False,True,True,True,True,True,True,0,
docs/03-database/redis/cache/README.md,False,cache,True,1296,False,True,True,True,True,True,True,,
docs/03-database/redis/cache/Redis主从模式中对过期键如何处理？.md,True,Redis 主从模式中对过期键如何处理？,True,907,False,True,True,True,True,True,True,0,
docs/03-database/redis/cache/Redis使用的过期删除策略是什么？.md,True,Redis使用的过期删除策略是什么？,True,1583,False,True,True,True,True,True,True,0,
docs/03-database/redis/cache/Redis内存淘汰策略有哪些？.md,True,Redis内存淘汰策略有哪些？,True,1583,False,True,True,True,True,True,True,0,
docs/03-database/redis/cache/Redis持久化时对过期键会如何处理？.md,True,Redis持久化时对过期键会如何处理？,True,1120,False,True,True,True,True,True,True,0,
docs/03-database/redis/cache/Redis的LRU算法与LFU算法有什么区别？.md,True,Redis的LRU算法与LFU算法有什么区别？,True,2231,False,True,True,True,True,True,True,0,
docs/03-database/redis/cache/为什么Redis比MySQL快？.md,True,为什么 Redis 比 MySQL 快？,True,2210,False,True,True,True,True,True,True,0,
docs/03-database/redis/cache/如何保证数据与缓存一致性？.md,True,如何保证数据与缓存一致性？,True,1945,False,True,True,True,True,True,True,0,
docs/03-database/redis/cache/如何设计一个可以动态缓存热点数据的缓存策略？.md,True,如何设计一个可以动态缓存热点数据的缓存策略？,True,870,False,True,True,True,True,True,True,0,
docs/03-database/redis/cache/如何避免Redis缓存击穿？.md,True,如何避免 Redis 缓存击穿？,True,1194,False,True,True,True,True,True,True,0,
docs/03-database/redis/cache/如何避免Redis缓存穿透？.md,True,如何避免Redis缓存穿透？,True,1051,False,True,True,True,True,True,True,0,
docs/03-database/redis/cache/如何避免Redis缓存雪崩？.md,True,如何避免Redis缓存雪崩？,True,1079,False,True,True,True,True,True,True,0,
docs/03-database/redis/cache/常见的缓存更新策略有哪些？.md,True,常见的缓存更新策略有哪些？,True,2235,False,True,True,True,True,True,True,0,
docs/03-database/redis/cache/本地缓存与Redis缓存有什么区别？.md,True,本地缓存与Redis缓存有什么区别？,True,1313,False,True,True,True,True,True,True,0,
docs/03-database/redis/cluster/README.md,False,cluster,True,949,False,True,True,True,True,True,True,,
docs/03-database/redis/cluster/Redis主从集群可以保证数据一致性吗？.md,True,Redis 主从集群可以保证数据一致性吗？,True,2100,False,True,True,True,True,True,True,0,
docs/03-database/redis/cluster/Redis和MySQL单节点能扛多并发量？.md,True,Redis 和 MySQL 单节点能扛多并发量？,True,981,False,True,True,True,True,True,True,0,
docs/03-database/redis/cluster/Redis哨兵机制如何实现选新的主节点？.md,True,Redis哨兵机制如何实现选新的主节点？,True,1552,False,True,True,True,True,True,True,0,
docs/03-database/redis/cluster/Redis如何实现主从复制？.md,True,Redis如何实现主从复制？,True,3793,False,True,True,True,True,True,True,0,
docs/03-database/redis/cluster/Redis如何实现哨兵模式？.md,True,Redis如何实现哨兵模式？,True,4057,False,True,True,True,True,True,True,0,
docs/03-database/redis/cluster/Redis如何实现集群模式？.md,True,Redis如何实现集群模式？,True,3600,False,True,True,True,True,True,True,0,
docs/03-database/redis/cluster/Redis集群模式的优缺点？.md,True,Redis集群模式的优缺点？,True,956,False,True,True,True,True,True,True,0,
docs/03-database/redis/cluster/Redis集群脑裂问题如何解决？.md,True,Redis集群脑裂问题如何解决？,True,1131,False,True,True,True,True,True,True,0,
docs/03-database/redis/data-structure/README.md,False,data-structure,True,1784,False,True,True,True,True,True,True,,
docs/03-database/redis/data-structure/Redis五种常见数据类型底层实现是什么？.md,True,Redis 五种常见数据类型底层实现是什么？,True,1803,False,True,True,True,True,True,True,0,
docs/03-database/redis/data-structure/Redis数据类型以及使用场景是什么？.md,True,Redis 数据类型以及使用场景是什么？,True,2634,False,True,True,True,True,True,True,0,
docs/03-database/redis/data-structure/Redis键值对数据是如何实现的？.md,True,Redis 键值对数据是如何实现的？,True,1465,False,True,True,True,True,True,True,0,
docs/03-database/redis/data-structure/底层数据结构-SDS.md,True,底层数据结构-SDS,True,1229,False,True,True,True,True,True,True,0,
docs/03-database/redis/data-structure/底层数据结构-listpack.md,True,底层数据结构-listpack,True,1213,False,True,True,True,True,True,True,0,
docs/03-database/redis/data-structure/底层数据结构-quicklist.md,True,底层数据结构-quicklist,True,1188,False,True,True,True,True,True,True,0,
docs/03-database/redis/data-structure/底层数据结构-压缩列表.md,True,底层数据结构-压缩列表,True,1034,False,True,True,True,True,True,True,0,
docs/03-database/redis/data-structure/底层数据结构-双向链表.md,True,底层数据结构-双向链表,True,1065,False,True,True,True,True,True,True,0,
docs/03-database/redis/data-structure/底层数据结构-哈希表.md,True,底层数据结构-哈希表,True,1120,False,True,True,True,True,True,True,0,
docs/03-database/redis/data-structure/底层数据结构-整数集合.md,True,底层数据结构-整数集合,True,1131,False,True,True,True,True,True,True,0,
docs/03-database/redis/data-structure/底层数据结构-跳表.md,True,底层数据结构-跳表,True,1147,False,True,True,True,True,True,True,0,
docs/03-database/redis/data-structure/数据类型-Bitmap.md,True,数据类型-Bitmap,True,1251,False,True,True,True,True,True,True,0,
docs/03-database/redis/data-structure/数据类型-GEO.md,True,数据类型-GEO,True,1520,False,True,True,True,True,True,True,0,
docs/03-database/redis/data-structure/数据类型-Hash.md,True,数据类型-Hash,True,1507,False,True,True,True,True,True,True,0,
docs/03-database/redis/data-structure/数据类型-HyperLogLog.md,True,数据类型-HyperLogLog,True,1236,False,True,True,True,True,True,True,0,
docs/03-database/redis/data-structure/数据类型-List.md,True,数据类型-List,True,1463,False,True,True,True,True,True,True,0,
docs/03-database/redis/data-structure/数据类型-Set.md,True,数据类型-Set,True,1511,False,True,True,True,True,True,True,0,
docs/03-database/redis/data-structure/数据类型-Stream.md,True,数据类型-Stream,True,1519,False,True,True,True,True,True,True,0,
docs/03-database/redis/data-structure/数据类型-String.md,True,数据类型-String,True,1224,False,True,True,True,True,True,True,0,
docs/03-database/redis/data-structure/数据类型-Zset.md,True,数据类型-Zset,True,1531,False,True,True,True,True,True,True,0,
docs/03-database/redis/data-structures.md,True,Redis 数据类型详解,True,7603,False,True,True,True,True,True,True,0,
docs/03-database/redis/persistence/AOF日志如何如何实现的？.md,True,AOF日志如何如何实现的？,True,2791,False,True,True,True,True,True,True,0,
docs/03-database/redis/persistence/AOF重写机制是什么？.md,True,AOF重写机制是什么？,True,2025,False,True,True,True,True,True,True,0,
docs/03-database/redis/persistence/RDB快照是如何实现的？.md,True,RDB快照是如何实现的？,True,1830,False,True,True,True,True,True,True,0,
docs/03-database/redis/persistence/README.md,False,persistence,True,878,False,True,True,True,True,True,True,,
docs/03-database/redis/persistence/Redis大Key对持久化有什么影响？.md,True,Redis大Key对持久化有什么影响？,True,1237,False,True,True,True,True,True,True,0,
docs/03-database/redis/persistence/Redis如何实现数据不丢失？.md,True,Redis如何实现数据不丢失？,True,1355,False,True,True,True,True,True,True,0,
docs/03-database/redis/persistence/为什么会有Redis混合持久化？.md,True,为什么会有Redis混合持久化？,True,1127,False,True,True,True,True,True,True,0,
docs/03-database/redis/thread-model/README.md,False,thread-model,True,779,False,True,True,True,True,True,True,,
docs/03-database/redis/thread-model/Redis为什么单线程还快？.md,True,Redis为什么单线程还快？,True,1841,False,True,True,True,True,True,True,0,
docs/03-database/redis/thread-model/Redis单线程模型是怎么样的？.md,True,Redis单线程模型是怎么样的？,True,1133,False,True,True,True,True,True,True,0,
docs/03-database/redis/thread-model/Redis如何运用IO多路复用的？.md,True,Redis如何运用IO多路复用的？,True,1884,False,True,True,True,True,True,True,0,
docs/03-database/redis/thread-model/Redis是单线程吗？.md,True,Redis是单线程吗？,True,2061,False,True,True,True,True,True,True,0,
docs/03-database/redis/thread-model/Redis的网络模型是怎么样的？.md,True,Redis的网络模型是怎么样的？,True,845,False,True,True,True,True,True,True,0,
docs/03-database/redis/transaction/README.md,False,transaction,True,536,False,True,True,True,True,True,True,,
docs/03-database/redis/transaction/Redis支持事务回滚吗？.md,True,Redis支持事务回滚吗？,True,1180,False,True,True,True,True,True,True,0,
docs/04-mq/ClickHouse/ClickHouse入门概要.md,True,ClickHouse入门概要,True,2698,False,True,True,True,True,True,True,0,
docs/04-mq/ClickHouse/README.md,False,ClickHouse,True,537,False,True,True,True,True,True,True,,
docs/04-mq/ElasticSearch/ElasticSearch入门概要.md,True,ElasticSearch入门概要,True,4162,False,True,True,True,True,True,True,0,
docs/04-mq/ElasticSearch/README.md,False,ElasticSearch,True,552,False,True,True,True,True,True,True,,
docs/04-mq/Kafka/Kafka会丢消息吗？.md,True,Kafka 会丢消息吗？,True,2465,False,True,True,True,True,True,True,0,
docs/04-mq/Kafka/Kafka入门概要.md,True,Kafka入门概要,True,10158,False,True,True,True,True,True,True,0,
docs/04-mq/Kafka/Kafka百万消息挤压如何处理？.md,True,Kafka 百万消息积压如何处理？,True,2447,False,True,True,True,True,True,True,0,
docs/04-mq/Kafka/Kafka的Exactly-Once语义怎么保证？.md,True,Kafka的Exactly-Once语义怎么保证？,True,3048,False,True,True,True,True,True,True,0,
docs/04-mq/Kafka/README.md,False,Kafka,True,676,False,True,True,True,True,True,True,,
docs/04-mq/Nginx/Nginx负载均衡算法是什么？.md,True,Nginx负载均衡算法是什么？,True,1003,False,True,True,True,True,True,True,0,
docs/04-mq/Nginx/README.md,False,Nginx,True,524,False,True,True,True,True,True,True,,
docs/04-mq/README.md,False,04-mq,True,479,False,True,True,True,True,True,True,,
docs/04-mq/Tomcat/README.md,False,Tomcat,True,574,False,True,True,True,True,True,True,,
docs/04-mq/Tomcat/Tomcat入门概要.md,True,Tomcat入门概要,True,7383,False,True,True,True,True,True,True,0,
docs/04-mq/Tomcat/Tomcat的类加载机制是怎么样的？.md,True,Tomcat的类加载机制是怎么样的？,True,1493,False,True,True,True,True,True,True,0,
docs/04-mq/Zookeeper/README.md,False,Zookeeper,True,532,False,True,True,True,True,True,True,,
docs/04-mq/Zookeeper/Zookeeper入门概要.md,True,Zookeeper入门概要,True,5596,False,True,True,True,True,True,True,0,
docs/04-mq/basics/README.md,False,basics,True,527,False,True,True,True,True,True,True,,
docs/04-mq/basics/消息队列如何防止消息重复消费？.md,True,消息队列如何防止消息重复消费？,True,2239,False,True,True,True,True,True,True,0,
docs/04-mq/rabbitmq/README.md,False,rabbitmq,True,527,False,True,True,True,True,True,True,,
docs/04-mq/rabbitmq/RabbitMQ入门概要.md,True,RabbitMQ入门概要,True,13024,False,True,True,True,True,True,True,0,
docs/04-mq/rocketmq/README.md,False,rocketmq,True,608,False,True,True,True,True,True,True,,
docs/04-mq/rocketmq/RocketMQ与Kafka有什么区别？.md,True,RocketMQ与Kafka有什么区别？,True,3557,False,True,True,True,True,True,True,0,
docs/04-mq/rocketmq/RocketMQ为什么性能不如Kafka？.md,True,RocketMQ为什么性能不如Kafka？,True,2119,False,True,True,True,True,True,True,0,
docs/05-distributed/README.md,False,分布式,True,525,False,False,True,True,False,True,True,,
docs/05-distributed/SOLID软件开发原则是什么？.md,True,SOLID 软件开发原则是什么？,True,1132,False,True,True,True,True,True,True,0,
docs/05-distributed/distributed-lock.md,True,分布式锁详解,True,6983,False,True,True,True,True,True,True,0,
docs/05-distributed/事务补偿机制是什么？.md,True,事务补偿机制是什么？,True,1136,False,True,True,True,True,True,True,0,
docs/05-distributed/常见的分布式协议有哪些？.md,True,常见的分布式协议有哪些？,True,1164,False,True,True,True,True,True,True,0,
docs/05-distributed/服务熔断是什么？.md,True,服务熔断是什么？,True,986,False,True,True,True,True,True,True,0,
docs/06-microservice/README.md,False,微服务,True,864,False,True,True,True,True,True,True,,
docs/07-architecture/README.md,False,架构设计,True,475,False,False,True,True,False,True,True,,
docs/07-architecture/design-patterns/README.md,False,设计模式补充,True,360,False,False,True,True,False,False,True,,
docs/07-architecture/design-patterns/factory.md,True,工厂模式,True,1313,False,True,True,True,True,True,True,0,
docs/07-architecture/design-patterns/singleton.md,True,单例模式,True,1000,False,True,True,True,True,True,True,0,
docs/07-architecture/patterns/README.md,False,设计模式,True,408,False,False,True,True,False,True,True,,
docs/07-architecture/patterns/proxy.md,True,代理模式,True,985,False,True,True,True,True,True,True,0,
docs/07-architecture/patterns/singleton.md,True,单例模式,True,959,False,True,True,True,True,True,True,0,
docs/07-architecture/patterns/strategy.md,True,策略模式,True,1351,False,True,True,True,True,True,True,0,
docs/07-architecture/patterns/template-method.md,True,模板方法模式,True,1236,False,True,True,True,True,True,True,0,
docs/07-architecture/system-design/CPU100%问题怎么排查？.md,True,CPU 100% 问题怎么排查？,True,806,False,True,True,True,True,True,True,0,
docs/07-architecture/system-design/README.md,False,系统设计,True,640,False,False,True,True,False,True,True,,
docs/07-architecture/system-design/seckill.md,True,秒杀系统设计,True,1119,False,True,True,True,True,True,True,0,
docs/07-architecture/system-design/如何保证接口幂等.md,True,如何保证接口幂等？,True,885,False,True,True,True,True,True,True,0,
docs/07-architecture/system-design/如何排查并解决Redis的CPU占用高问题？.md,True,如何排查并解决 Redis 的 CPU 占用高问题？,True,804,False,True,True,True,True,True,True,0,
docs/07-architecture/system-design/如何设计秒杀场景处理高并发以及超卖现象？.md,True,如何设计秒杀场景处理高并发以及超卖现象？,True,840,False,True,True,True,True,True,True,0,
docs/07-architecture/system-design/如果让你优化一个项目，你会怎么做？.md,True,如果让你优化一个项目，你会怎么做？,True,983,False,True,True,True,True,True,True,0,
docs/07-architecture/system-design/导致CPU飙升到100%有什么原因？.md,True,导致 CPU 飙升到 100% 有什么原因？,True,1020,False,True,True,True,True,True,True,0,
docs/08-network/README.md,False,08-network,True,481,False,True,True,True,True,True,True,,
docs/08-network/application-layer/Cookie和Session区别是什么？.md,True,Cookie和Session区别是什么？,True,1436,False,True,True,True,True,True,True,0,
docs/08-network/application-layer/DNS域名解析的工作流程是怎么样的？.md,True,DNS域名解析的工作流程是怎么样的？,True,1371,False,True,True,True,True,True,True,0,
docs/08-network/application-layer/DNS底层使用TCP还是UDP？.md,True,DNS底层使用TCP还是UDP？,True,892,False,True,True,True,True,True,True,0,
docs/08-network/application-layer/DNS是什么？.md,True,DNS是什么？,True,966,False,True,True,True,True,True,True,0,
docs/08-network/application-layer/GET和POST的区别是什么？.md,True,GET和POST的区别是什么？,True,1081,False,True,True,True,True,True,True,0,
docs/08-network/application-layer/HTTP-2是什么？.md,True,HTTP/2是什么？,True,2449,False,True,True,True,True,True,True,0,
docs/08-network/application-layer/HTTP-2的HPACK对头阻塞问题是什么？.md,True,HTTP/2的HPACK对头阻塞问题是什么？,True,1191,False,True,True,True,True,True,True,0,
docs/08-network/application-layer/HTTP-3是什么？.md,True,HTTP/3是什么？,True,2103,False,True,True,True,True,True,True,0,
docs/08-network/application-layer/HTTP1.0与HTTP2.0区别是什么？.md,True,HTTP1.0与HTTP2.0区别是什么？,True,1027,False,True,True,True,True,True,True,0,
docs/08-network/application-layer/HTTP1.1如何对请求拆包？.md,True,HTTP1.1如何对请求拆包？,True,1232,False,True,True,True,True,True,True,0,
docs/08-network/application-layer/HTTP1.1队头阻塞是什么？.md,True,HTTP1.1队头阻塞是什么？,True,1194,False,True,True,True,True,True,True,0,
docs/08-network/application-layer/HTTPS如何优化？.md,True,HTTPS如何优化？,True,2204,False,True,True,True,True,True,True,0,
docs/08-network/application-layer/HTTPS如何防范中间人攻击？.md,True,HTTPS如何防范中间人攻击？,True,887,False,True,True,True,True,True,True,0,
docs/08-network/application-layer/HTTPS握手过程是怎么样的？.md,True,HTTPS握手过程是怎么样的？,True,1702,False,True,True,True,True,True,True,0,
docs/08-network/application-layer/HTTP、SOCKET和GET的区别是什么？.md,True,HTTP、SOCKET和GET的区别是什么？,True,903,False,True,True,True,True,True,True,0,
docs/08-network/application-layer/HTTP为什么不安全？.md,True,HTTP为什么不安全？,True,1406,False,True,True,True,True,True,True,0,
docs/08-network/application-layer/HTTP协议常见的请求头有哪些？.md,True,HTTP协议常见的请求头有哪些？,True,1093,False,True,True,True,True,True,True,0,
docs/08-network/application-layer/HTTP协议支持的请求方法有哪些？.md,True,HTTP协议支持的请求方法有哪些？,True,1013,False,True,True,True,True,True,True,0,
docs/08-network/application-layer/HTTP各个版本是如何管理多个TCP连接的？.md,True,HTTP各个版本是如何管理多个TCP连接的？,True,1876,False,True,True,True,True,True,True,0,
docs/08-network/application-layer/HTTP和HTTPS区别是什么？.md,True,HTTP和HTTPS区别是什么？,True,1003,False,True,True,True,True,True,True,0,
docs/08-network/application-layer/HTTP常见的状态码有哪些？.md,True,HTTP常见的状态码有哪些？,True,1400,False,True,True,True,True,True,True,0,
docs/08-network/application-layer/HTTP的报文结构是怎么样的？.md,True,HTTP的报文结构是怎么样的？,True,981,False,True,True,True,True,True,True,0,
docs/08-network/application-layer/HTTP的无状态怎么理解？.md,True,HTTP的无状态怎么理解？,True,912,False,True,True,True,True,True,True,0,
docs/08-network/application-layer/HTTP的长连接怎么理解？.md,True,HTTP的长连接怎么理解？,True,994,False,True,True,True,True,True,True,0,
docs/08-network/application-layer/HTTP进行TCP连接之后，什么情况下会中断？.md,True,HTTP进行TCP连接之后，什么情况下会中断？,True,859,False,True,True,True,True,True,True,0,
docs/08-network/application-layer/JWT令牌是什么？.md,True,JWT令牌是什么？,True,1823,False,True,True,True,True,True,True,0,
docs/08-network/application-layer/README.md,False,application-layer,True,2803,False,True,True,True,True,True,True,,
docs/08-network/application-layer/SSL与TSL有什么联系？.md,True,SSL与TSL有什么联系？,True,949,False,True,True,True,True,True,True,0,
docs/08-network/application-layer/localStorage和Cookie区别是什么？.md,True,localStorage和Cookie区别是什么？,True,1225,False,True,True,True,True,True,True,0,
docs/08-network/application-layer/token、session、cookie区别是什么？.md,True,token、session、cookie区别是什么？,True,885,False,True,True,True,True,True,True,0,
docs/08-network/application-layer/如果客户端禁用了cookie，session还能用吗？.md,True,如果客户端禁用了cookie，session还能用吗？,True,919,False,True,True,True,True,True,True,0,
docs/08-network/application-layer/应用层常用协议有哪些？.md,True,应用层常用协议有哪些？,True,960,False,True,True,True,True,True,True,0,
docs/08-network/application-layer/既然有HTTP为什么还要有RPC？.md,True,既然有HTTP为什么还要有RPC？,True,1934,False,True,True,True,True,True,True,0,
docs/08-network/application-layer/既然有HTTP为什么还需要WebSocket？.md,True,既然有HTTP为什么还需要WebSocket？,True,1818,False,True,True,True,True,True,True,0,
docs/08-network/network-layer/ARP协议作用是什么？.md,True,ARP协议作用是什么？,True,1189,False,True,True,True,True,True,True,0,
docs/08-network/network-layer/CIDR无分类地址是什么？.md,True,CIDR无分类地址是什么？,True,941,False,True,True,True,True,True,True,0,
docs/08-network/network-layer/DHCP协议作用是什么？.md,True,DHCP协议作用是什么？,True,1515,False,True,True,True,True,True,True,0,
docs/08-network/network-layer/ICMP是什么？.md,True,ICMP是什么？,True,830,False,True,True,True,True,True,True,0,
docs/08-network/network-layer/IGMP是什么？.md,True,IGMP是什么？,True,1179,False,True,True,True,True,True,True,0,
docs/08-network/network-layer/IPV4和IPV6有什么区别？.md,True,IPV4和IPV6有什么区别？,True,816,False,True,True,True,True,True,True,0,
docs/08-network/network-layer/IP分片与重组机制是什么？.md,True,IP分片与重组机制是什么？,True,1171,False,True,True,True,True,True,True,0,
docs/08-network/network-layer/IP地址是如何分类的？.md,True,IP地址是如何分类的？,True,968,False,True,True,True,True,True,True,0,
docs/08-network/network-layer/NAT网络地址转换是什么？.md,True,NAT网络地址转换是什么？,True,1315,False,True,True,True,True,True,True,0,
docs/08-network/network-layer/README.md,False,network-layer,True,1062,False,True,True,True,True,True,True,,
docs/08-network/network-layer/打开网页发生的网络过程是怎么样的？.md,True,打开网页发生的网络过程是怎么样的？,True,1450,False,True,True,True,True,True,True,0,
docs/08-network/network-model/README.md,False,network-model,True,563,False,True,True,True,True,True,True,,
docs/08-network/network-model/网络OSI模型和TCP-IP模型是什么？.md,True,网络OSI模型和TCP/IP模型是什么？,True,1625,False,True,True,True,True,True,True,0,
docs/08-network/network-security/CSRF跨站请求伪造攻击是什么？.md,True,CSRF跨站请求伪造攻击是什么？,True,1113,False,True,True,True,True,True,True,0,
docs/08-network/network-security/DDOS攻击是什么？.md,True,DDOS攻击是什么？,True,1302,False,True,True,True,True,True,True,0,
docs/08-network/network-security/DNS劫持是什么？.md,True,DNS 劫持是什么？,True,980,False,True,True,True,True,True,True,0,
docs/08-network/network-security/README.md,False,network-security,True,1000,False,True,True,True,True,True,True,,
docs/08-network/network-security/SQL注入攻击是什么？.md,True,SQL注入攻击是什么？,True,971,False,True,True,True,True,True,True,0,
docs/08-network/network-security/XSS攻击和CSRF攻击区别是什么？.md,True,XSS攻击和CSRF攻击区别是什么？,True,1621,False,True,True,True,True,True,True,0,
docs/08-network/network-security/XSS跨站脚本攻击事例有哪些？.md,True,XSS跨站脚本攻击事例有哪些？,True,1613,False,True,True,True,True,True,True,0,
docs/08-network/network-security/XSS跨站脚本攻击是什么？.md,True,XSS跨站脚本攻击是什么？,True,1740,False,True,True,True,True,True,True,0,
docs/08-network/network-security/对称加密和非对称加密有什么区别？.md,True,对称加密和非对称加密有什么区别？,True,2350,False,True,True,True,True,True,True,0,
docs/08-network/transport-layer/QUIC协议是什么？.md,True,QUIC协议是什么？,True,1202,False,True,True,True,True,True,True,0,
docs/08-network/transport-layer/README.md,False,transport-layer,True,3337,False,True,True,True,True,True,True,,
docs/08-network/transport-layer/TCP keepalive是什么？.md,True,TCP keepalive是什么？,True,2195,False,True,True,True,True,True,True,0,
docs/08-network/transport-layer/TCP三次握手SYN报文什么情况下会被丢弃？.md,True,TCP三次握手SYN报文什么情况下会被丢弃？,True,1905,False,True,True,True,True,True,True,0,
docs/08-network/transport-layer/TCP三次握手和TLS握手能合并吗？.md,True,TCP 三次握手和 TLS 握手能合并吗？,True,948,False,True,True,True,True,True,True,0,
docs/08-network/transport-layer/TCP三次握手和accept是什么关系？.md,True,TCP三次握手和accept是什么关系？,True,915,False,True,True,True,True,True,True,0,
docs/08-network/transport-layer/TCP三次握手的过程是怎么样的？.md,True,TCP三次握手的过程是怎么样的？,True,1327,False,True,True,True,True,True,True,0,
docs/08-network/transport-layer/TCP与UDP端口绑定有区别吗？.md,True,TCP与UDP端口绑定有区别吗？,True,1919,False,True,True,True,True,True,True,0,
docs/08-network/transport-layer/TCP中的tcp_tw_reuse为什么默认关闭？.md,True,TCP中的tcp_tw_reuse为什么默认关闭？,True,828,False,True,True,True,True,True,True,0,
docs/08-network/transport-layer/TCP为什么需要TIME_WAIT状态？.md,True,TCP为什么需要TIME_WAIT状态？,True,2592,False,True,True,True,True,True,True,0,
docs/08-network/transport-layer/TCP为什么需要三次握手？.md,True,TCP为什么需要三次握手？,True,1638,False,True,True,True,True,True,True,0,
docs/08-network/transport-layer/TCP协议有什么缺陷？.md,True,TCP协议有什么缺陷？,True,1037,False,True,True,True,True,True,True,0,
docs/08-network/transport-layer/TCP和UDP有什么区别？.md,True,TCP和UDP有什么区别？,True,1188,False,True,True,True,True,True,True,0,
docs/08-network/transport-layer/TCP四次挥手如果服务端的FIN报文比数据报文先到会发生什么？.md,True,TCP四次挥手如果服务端的FIN报文比数据报文先到会发生什么？,True,896,False,True,True,True,True,True,True,0,
docs/08-network/transport-layer/TCP四次挥手的过程特殊场景分析？.md,True,TCP四次挥手的过程特殊场景分析？,True,2744,False,True,True,True,True,True,True,0,
docs/08-network/transport-layer/TCP四次挥手过程是怎么样的？.md,True,TCP四次挥手过程是怎么样的？,True,1392,False,True,True,True,True,True,True,0,
docs/08-network/transport-layer/TCP处于TIME_WAIT状态收到SYN报文会怎么样？.md,True,TCP处于TIME_WAIT状态收到SYN报文会怎么样？,True,968,False,True,True,True,True,True,True,0,
docs/08-network/transport-layer/TCP头部格式有哪些？.md,True,TCP头部格式有哪些？,True,1659,False,True,True,True,True,True,True,0,
docs/08-network/transport-layer/TCP如何优化性能？.md,True,TCP如何优化性能？,True,5788,False,True,True,True,True,True,True,0,
docs/08-network/transport-layer/TCP如何保证可靠传输？.md,True,TCP如何保证可靠传输？,True,1295,False,True,True,True,True,True,True,0,
docs/08-network/transport-layer/TCP延迟确认机制是什么？.md,True,TCP延迟确认机制是什么？,True,1353,False,True,True,True,True,True,True,0,
docs/08-network/transport-layer/TCP快速建立连接是什么？.md,True,TCP快速建立连接是什么？,True,1329,False,True,True,True,True,True,True,0,
docs/08-network/transport-layer/TCP拥塞控制机制是什么？.md,True,TCP拥塞控制机制是什么？,True,2559,False,True,True,True,True,True,True,0,
docs/08-network/transport-layer/TCP握手期间服务端工作内容是什么？.md,True,TCP握手期间服务端工作内容是什么？,True,836,False,True,True,True,True,True,True,0,
docs/08-network/transport-layer/TCP握手过程数据包丢失会发生什么？.md,True,TCP握手过程数据包丢失会发生什么？,True,2103,False,True,True,True,True,True,True,0,
docs/08-network/transport-layer/TCP数据一定不会丢失吗？.md,True,TCP数据一定不会丢失吗？,True,1947,False,True,True,True,True,True,True,0,
docs/08-network/transport-layer/TCP是面向字节流协议怎么理解？.md,True,TCP是面向字节流协议怎么理解？,True,1764,False,True,True,True,True,True,True,0,
docs/08-network/transport-layer/TCP每次建立连接的初始序列号为什么要不一样？.md,True,TCP每次建立连接的初始序列号为什么要不一样？,True,1944,False,True,True,True,True,True,True,0,
docs/08-network/transport-layer/TCP流量控制是什么？.md,True,TCP流量控制是什么？,True,2114,False,True,True,True,True,True,True,0,
docs/08-network/transport-layer/TCP滑动窗口是什么？.md,True,TCP滑动窗口是什么？,True,2036,False,True,True,True,True,True,True,0,
docs/08-network/transport-layer/TCP粘包问题如何解决？.md,True,TCP粘包问题如何解决？,True,1194,False,True,True,True,True,True,True,0,
docs/08-network/transport-layer/TCP连接一端断电和进程崩溃有何区别？.md,True,TCP连接一端断电和进程崩溃有何区别？,True,2112,False,True,True,True,True,True,True,0,
docs/08-network/transport-layer/TCP连接在拔掉网线后会发生什么？.md,True,TCP连接在拔掉网线后会发生什么？,True,1434,False,True,True,True,True,True,True,0,
docs/08-network/transport-layer/TCP连接处于ESTABLISH状态，收到SYN报文会发生什么？.md,True,TCP连接处于ESTABLISH状态，收到SYN报文会发生什么？,True,1314,False,True,True,True,True,True,True,0,
docs/08-network/transport-layer/TCP重传机制是什么？.md,True,TCP重传机制是什么？,True,2193,False,True,True,True,True,True,True,0,
docs/08-network/transport-layer/TIME_WAIT过多有什么危害？.md,True,TIME_WAIT过多有什么危害？,True,2703,False,True,True,True,True,True,True,0,
docs/08-network/transport-layer/UDP首部格式有哪些字段？.md,True,UDP首部格式有哪些字段？,True,1215,False,True,True,True,True,True,True,0,
docs/08-network/transport-layer/什么是SYN攻击？半连接和全连接队列？.md,True,什么是SYN攻击？半连接和全连接队列？,True,2852,False,True,True,True,True,True,True,0,
docs/08-network/transport-layer/如何提升TCP性能？.md,True,如何提升TCP性能？,True,956,False,True,True,True,True,True,True,0,
docs/08-network/transport-layer/既然IP会分片，为什么TCP层还需要MSS？.md,True,既然IP会分片，为什么TCP层还需要MSS？,True,1070,False,True,True,True,True,True,True,0,
docs/08-network/transport-layer/服务端出现大量CLOSE_WAIT状态原因是什么？.md,True,服务端出现大量CLOSE_WAIT状态原因是什么？,True,1006,False,True,True,True,True,True,True,0,
docs/08-network/transport-layer/没有listen能建立TCP连接吗？.md,True,没有listen能建立TCP连接吗？,True,1235,False,True,True,True,True,True,True,0,
docs/09-algorithm/README.md,False,算法,True,511,False,False,True,True,False,False,True,,
docs/README.md,False,🏠 Java 后端面试知识库,True,945,False,False,True,True,True,True,True,,
docs/_404.md,False,😅 页面未找到,True,120,False,False,False,False,False,False,False,,
docs/_archived/README.md,False,_archived,True,10,False,False,False,False,False,False,False,,
docs/_coverpage.md,False,Java 后端面试知识库,True,137,False,False,False,True,True,True,True,,
docs/algorithms/dynamic-programming/LC53-最大子数组和.md,True,LC53 最大子数组和,True,1832,False,True,True,True,True,True,True,0,
docs/devops/Docker与K8s之前的关系是什么？.md,True,Docker 与 K8s 之间的关系是什么？,True,1914,False,True,True,True,True,True,True,0,
docs/devops/Docker与虚拟机有什么区别？.md,True,Docker 与虚拟机有什么区别？,True,1623,False,True,True,True,True,True,True,0,
docs/devops/Docker部署实操笔记.md,True,Docker 部署实操笔记,True,1893,False,True,True,True,True,True,True,0,
docs/devops/README.md,False,DevOps,True,550,False,False,True,True,False,True,True,,
docs/devops/Windows11使用docker部署openclaw.md,True,Windows 11 使用 Docker 部署 OpenClaw,True,1750,False,True,True,True,True,True,True,0,
docs/devops/什么是Linux？.md,True,什么是 Linux？,True,1933,False,True,True,True,True,True,True,0,
docs/devops/使用TailScale外网访问树莓派.md,True,使用 Tailscale 外网访问树莓派,True,1646,False,True,True,True,True,True,True,0,
docs/devops/如何从日志分析PV和UV？.md,True,如何从日志分析 PV 和 UV？,True,1684,False,True,True,True,True,True,True,0,
docs/devops/常用Linux命令.md,True,常用 Linux 命令,True,1457,False,True,True,True,True,True,True,0,
docs/devops/常用的Linux命令有哪些？.md,True,常用的 Linux 命令有哪些？,True,1708,False,True,True,True,True,True,True,0,
docs/devops/树莓派-5-NVMe-SSD-系统迁移全流程手册.md,True,树莓派 5 NVMe SSD 系统迁移全流程手册,True,1803,False,True,True,True,True,True,True,0,
docs/devops/树莓派-Raspberry-Pi-OS（原生-Debian）常用指令大全.md,True,树莓派 Raspberry Pi OS（原生 Debian）常用指令大全,True,1640,False,True,True,True,True,True,True,0,
docs/sidebar.md,False,,False,1743,False,False,False,False,False,False,False,,
